CaregiverID,first_name,last_name,Email,Phone,StreetAddress,Address2,AvailableTimeSlot,PharmacyID
1,Seka,Chorlton,schorlton0@prnewswire.com,925-888-0498,48 Mitchell Parkway,Suite 32,2,69
2,Theodore,Brice,tbrice1@nymag.com,955-800-7430,057 Onsgard Terrace,PO Box 87916,1,5
3,Maritsa,Orgill,morgill2@abc.net.au,405-461-8748,69145 Sommers Junction,8th Floor,1,43
4,Devinne,Skinner,dskinner3@elegantthemes.com,669-115-2871,879 Elka Circle,Suite 23,1,156
5,Pearce,Carradice,pcarradice4@virginia.edu,502-417-8012,5812 Arkansas Parkway,PO Box 48049,2,52
6,Adrian,McGow,amcgow5@tinyurl.com,316-851-6635,8 Lighthouse Bay Way,12th Floor,2,189
7,Daryle,Getsham,dgetsham6@dailymail.co.uk,299-209-1659,368 Lotheville Road,5th Floor,3,102
8,Allegra,Merigon,amerigon7@woothemes.com,184-886-2194,28 Tomscot Crossing,Suite 77,1,193
9,Lexie,Greenham,lgreenham8@wix.com,662-628-3206,64645 Pearson Junction,Apt 474,0,51
10,Cherida,Whitmarsh,cwhitmarsh9@4shared.com,818-841-7469,368 Trailsway Alley,12th Floor,0,30
11,Celestyna,Carillo,ccarilloa@intel.com,787-304-2631,60 Hansons Crossing,3rd Floor,3,10
12,Rees,MacTrusty,rmactrustyb@lycos.com,745-456-3444,979 Kenwood Alley,Apt 1000,1,57
13,Ezequiel,Aasaf,eaasafc@redcross.org,359-849-3647,2027 Onsgard Pass,Room 677,1,131
14,Milena,Hardwidge,mhardwidged@t-online.de,480-129-1920,97035 Golf View Terrace,Room 1216,0,29
15,Vincenty,Vellden,vvelldene@netlog.com,546-163-1731,428 Westridge Road,Room 113,2,56
16,Aida,Towsey,atowseyf@rediff.com,148-708-1877,3277 Fairfield Place,PO Box 18015,0,124
17,Olimpia,Boshere,oboshereg@shinystat.com,172-630-0090,2 Lakewood Gardens Street,PO Box 51561,1,103
18,Ulric,Mulder,umulderh@google.co.jp,354-553-4416,3062 Jackson Road,Suite 76,2,93
19,Fonsie,Sime,fsimei@godaddy.com,778-290-4867,093 Loftsgordon Road,7th Floor,3,27
20,Marline,Byrd,mbyrdj@mtv.com,192-876-1860,4 Muir Pass,6th Floor,3,103
21,Raye,Rutherfoord,rrutherfoordk@baidu.com,732-159-2436,54586 Sullivan Lane,PO Box 47771,1,57
22,Dosi,Tetsall,dtetsalll@e-recht24.de,351-859-1367,53732 Tennyson Pass,Room 1840,0,172
23,Binny,Lillegard,blillegardm@technorati.com,517-345-4437,3048 Washington Trail,Suite 9,0,32
24,Nathan,Botton,nbottonn@statcounter.com,817-255-6469,34 Oriole Park,Room 312,2,179
25,Hildagard,Gorch,hgorcho@yellowpages.com,335-440-6352,102 Rowland Parkway,Room 526,0,70
26,Catriona,Jest,cjestp@tiny.cc,277-405-9224,27686 Portage Parkway,Apt 710,3,32
27,Artemis,Tench,atenchq@npr.org,284-375-9512,58 Welch Park,20th Floor,2,1
28,Alvinia,Lye,alyer@chron.com,147-144-7081,45 Moose Circle,PO Box 13505,1,47
29,Seline,MacCombe,smaccombes@shinystat.com,347-879-0474,43918 Morrow Alley,3rd Floor,3,25
30,Chanda,Levay,clevayt@un.org,891-955-4710,0 Barby Lane,Room 1453,1,6
31,Sandro,Bartoletti,sbartolettiu@trellian.com,343-961-6103,7669 Mayer Junction,Suite 96,1,51
32,Kayla,Archibould,karchibouldv@ebay.com,183-819-1976,69340 Clove Road,5th Floor,2,195
33,Mersey,Cortese,mcortesew@irs.gov,345-777-9758,9 Manley Parkway,Room 971,0,27
34,Nichole,Leese,nleesex@cargocollective.com,796-221-6445,1970 Nelson Drive,13th Floor,1,64
35,Malcolm,De Laspee,mdelaspeey@indiegogo.com,966-404-7300,10155 New Castle Road,PO Box 21225,3,138
36,Charyl,Doumic,cdoumicz@home.pl,960-255-0727,9834 Leroy Street,20th Floor,2,15
37,Ardenia,Mullard,amullard10@kickstarter.com,809-474-7397,71 Monument Junction,Apt 1815,3,6
38,Jedd,Farnan,jfarnan11@mit.edu,347-184-2265,255 Butterfield Terrace,Apt 298,0,130
39,Elisha,Overstone,eoverstone12@homestead.com,779-306-9417,64108 Coleman Avenue,Room 1986,2,47
40,Cody,Oldis,coldis13@ucsd.edu,330-215-8923,55 Surrey Trail,Room 235,1,192
41,Ozzie,Seally,oseally14@deviantart.com,424-776-3854,08926 Fordem Pass,PO Box 9540,2,67
42,Koralle,Nestor,knestor15@go.com,487-411-4081,2 Buhler Road,Room 825,3,107
43,Cordy,Tyndall,ctyndall16@over-blog.com,168-705-6738,65347 6th Way,Apt 592,0,123
44,Koren,Gledstane,kgledstane17@mac.com,754-184-2187,57 Saint Paul Road,Room 418,1,164
45,Lanette,Knowlman,lknowlman18@stanford.edu,943-429-9329,109 6th Parkway,Suite 75,1,57
46,Renell,MacGilfoyle,rmacgilfoyle19@twitter.com,523-966-9953,3 Tony Drive,PO Box 48047,2,27
47,Mikol,Full,mfull1a@google.de,256-548-3754,95 Schiller Court,Room 433,1,159
48,Manda,Burbage,mburbage1b@google.it,551-802-8539,8 Lyons Trail,Room 1968,3,49
49,Sigismond,Damerell,sdamerell1c@msu.edu,232-740-4789,46 Straubel Circle,Suite 85,2,62
50,Daisi,Doy,ddoy1d@surveymonkey.com,869-316-5302,5 Ilene Trail,Suite 22,1,55
51,Ewell,Whieldon,ewhieldon1e@rakuten.co.jp,143-834-0659,1 Hansons Place,Room 734,1,138
52,Hans,McPaike,hmcpaike1f@e-recht24.de,556-800-6450,4515 Northwestern Lane,PO Box 80658,3,6
53,Cam,MacMaster,cmacmaster1g@wikia.com,977-435-4095,60 Lighthouse Bay Lane,Apt 917,1,10
54,Kippy,Walklot,kwalklot1h@lycos.com,579-403-3601,163 Melby Road,Room 1281,0,119
55,Free,Cowen,fcowen1i@spiegel.de,177-337-6085,162 Sunbrook Lane,Suite 14,3,91
56,Gertie,Geffe,ggeffe1j@yelp.com,809-813-1445,3844 Grover Street,PO Box 40154,1,56
57,Gearalt,Cayle,gcayle1k@linkedin.com,821-451-7938,6 Cody Avenue,PO Box 21649,1,54
58,Gabrielle,Arling,garling1l@newyorker.com,831-483-2528,436 Stoughton Way,15th Floor,2,76
59,Engelbert,McGrorty,emcgrorty1m@cnbc.com,981-263-9994,53899 Lyons Point,Apt 963,1,16
60,Salomo,Sisley,ssisley1n@bloglovin.com,772-880-2119,34586 Morningstar Terrace,Room 4,1,25
61,Evin,Willets,ewillets1o@telegraph.co.uk,429-167-0119,651 Hintze Center,PO Box 32435,3,40
62,Basile,Chopping,bchopping1p@toplist.cz,915-784-6181,24 Eastwood Center,Suite 64,2,166
63,Renado,Binnell,rbinnell1q@tmall.com,703-220-9927,41498 Texas Point,PO Box 76588,1,172
64,Padriac,O'Doherty,podoherty1r@mysql.com,922-316-0681,8 International Parkway,Apt 1424,2,179
65,Hastie,Coysh,hcoysh1s@dailymail.co.uk,822-356-2146,526 Veith Way,15th Floor,2,6
66,Reeta,Woofendell,rwoofendell1t@github.com,848-121-9854,7606 Fuller Lane,Suite 80,2,200
67,Alec,Waddy,awaddy1u@fema.gov,812-814-4544,8581 Garrison Plaza,10th Floor,0,153
68,Georgie,Thow,gthow1v@weibo.com,678-143-2744,61 Melrose Point,7th Floor,0,112
69,Winifred,Bearns,wbearns1w@goodreads.com,129-837-3100,0324 Southridge Hill,8th Floor,3,145
70,Arabel,Kidwell,akidwell1x@comsenz.com,731-289-6718,5571 Pepper Wood Drive,Suite 28,2,186
